INSERT INTO price_list (id,treatment,price) VALUES (1, 'Breast biopsy', 8679);
INSERT INTO price_list (id,treatment,price) VALUES (2, 'Coronary artery bypass', 8776);
INSERT INTO price_list (id,treatment,price) VALUES (3, 'Coronary artery bypass', 949);
INSERT INTO price_list (id,treatment,price) VALUES (4, 'Carotid endarterectomy', 1426);
INSERT INTO price_list (id,treatment,price) VALUES (5, 'Cholecystectomy', 2574);
INSERT INTO price_list (id,treatment,price) VALUES (6, 'Debridement of wound', 7076);
INSERT INTO price_list (id,treatment,price) VALUES (7, 'Debridement of wound', 9123);
INSERT INTO price_list (id,treatment,price) VALUES (8, 'Appendectomy', 2904);
INSERT INTO price_list (id,treatment,price) VALUES (9, 'Appendectomy', 3680);
INSERT INTO price_list (id,treatment,price) VALUES (10, 'Cholecystectomy', 4042);
INSERT INTO patients (id,name,surname,insured) VALUES (1, 'Logan', 'Jackson', TRUE);
INSERT INTO patients (id,name,surname,insured) VALUES (2, 'James', 'Smith', TRUE);
INSERT INTO patients (id,name,surname,insured) VALUES (3, 'Olivia', 'Thomson', FALSE);
INSERT INTO patients (id,name,surname,insured) VALUES (4, 'Lucas', 'Jackson', FALSE);
INSERT INTO patients (id,name,surname,insured) VALUES (5, 'Isabella', 'White', FALSE);
INSERT INTO patients (id,name,surname,insured) VALUES (6, 'Mia', 'Johnson', TRUE);
INSERT INTO patients (id,name,surname,insured) VALUES (7, 'Ava', 'Brown', TRUE);
INSERT INTO patients (id,name,surname,insured) VALUES (8, 'Sophia', 'Brown', FALSE);
INSERT INTO patients (id,name,surname,insured) VALUES (9, 'Charlotte', 'Jackson', TRUE);
INSERT INTO patients (id,name,surname,insured) VALUES (10, 'Oliver', 'Brown', FALSE);
INSERT INTO patients (id,name,surname,insured) VALUES (11, 'Mia', 'White', FALSE);
INSERT INTO patients (id,name,surname,insured) VALUES (12, 'Logan', 'Brown', TRUE);
INSERT INTO patients (id,name,surname,insured) VALUES (13, 'Harper', 'Smith', FALSE);
INSERT INTO patients (id,name,surname,insured) VALUES (14, 'Mia', 'Grimes', FALSE);
INSERT INTO patients (id,name,surname,insured) VALUES (15, 'Evelyn', 'Robinson', TRUE);
INSERT INTO patients (id,name,surname,insured) VALUES (16, 'William', 'White', TRUE);
INSERT INTO patients (id,name,surname,insured) VALUES (17, 'Noah', 'Williams', FALSE);
INSERT INTO patients (id,name,surname,insured) VALUES (18, 'Mia', 'Robinson', FALSE);
INSERT INTO patients (id,name,surname,insured) VALUES (19, 'Mia', 'Thomson', FALSE);
INSERT INTO patients (id,name,surname,insured) VALUES (20, 'Sophia', 'Brown', TRUE);
INSERT INTO patients (id,name,surname,insured) VALUES (21, 'Olivia', 'Williams', TRUE);
INSERT INTO patients (id,name,surname,insured) VALUES (22, 'Lucas', 'Jackson', FALSE);
INSERT INTO patients (id,name,surname,insured) VALUES (23, 'Lucas', 'Johnson', TRUE);
INSERT INTO patients (id,name,surname,insured) VALUES (24, 'Liam', 'Thomson', TRUE);
INSERT INTO patients (id,name,surname,insured) VALUES (25, 'Harper', 'Grimes', FALSE);
INSERT INTO patients (id,name,surname,insured) VALUES (26, 'Emma', 'Robinson', FALSE);
INSERT INTO patients (id,name,surname,insured) VALUES (27, 'James', 'White', FALSE);
INSERT INTO patients (id,name,surname,insured) VALUES (28, 'Evelyn', 'Smith', TRUE);
INSERT INTO patients (id,name,surname,insured) VALUES (29, 'Elijah', 'Johnson', FALSE);
INSERT INTO patients (id,name,surname,insured) VALUES (30, 'Amelia', 'Thomson', TRUE);
INSERT INTO doctors (id,name,surname,specialist) VALUES (1, 'Liam', 'Grimes',' Plastic surgery');
INSERT INTO doctors (id,name,surname,specialist) VALUES (2, 'William', 'Grimes',' Radiology');
INSERT INTO doctors (id,name,surname,specialist) VALUES (3, 'Oliver', 'Jackson',' Dermatology');
INSERT INTO doctors (id,name,surname,specialist) VALUES (4, 'James', 'White',' Orthopedics');
INSERT INTO doctors (id,name,surname,specialist) VALUES (5, 'Noah', 'Smith',' Radiology');
INSERT INTO doctors (id,name,surname,specialist) VALUES (6, 'Harper', 'Brown',' Cardiology');
INSERT INTO doctors (id,name,surname,specialist) VALUES (7, 'Mason', 'Robinson',' Dermatology');
INSERT INTO doctors (id,name,surname,specialist) VALUES (8, 'Evelyn', 'Williams',' Cardiology');
INSERT INTO doctors (id,name,surname,specialist) VALUES (9, 'Charlotte', 'Thomson',' Radiology');
INSERT INTO doctors (id,name,surname,specialist) VALUES (10, 'Mason', 'Thomson',' Radiology');
INSERT INTO doctors (id,name,surname,specialist) VALUES (11, 'Charlotte', 'Johnson',' Cardiology');
INSERT INTO doctors (id,name,surname,specialist) VALUES (12, 'Mason', 'Grimes',' Dermatology');
INSERT INTO doctors (id,name,surname,specialist) VALUES (13, 'Lucas', 'Smith',' Plastic surgery');
INSERT INTO doctors (id,name,surname,specialist) VALUES (14, 'Emma', 'Smith',' Radiology');
INSERT INTO doctors (id,name,surname,specialist) VALUES (15, 'James', 'Robinson',' Plastic surgery');
INSERT INTO doctors (id,name,surname,specialist) VALUES (16, 'Mason', 'Smith',' Orthopedics');
INSERT INTO doctors (id,name,surname,specialist) VALUES (17, 'Isabella', 'Jackson',' Orthopedics');
INSERT INTO doctors (id,name,surname,specialist) VALUES (18, 'Elijah', 'White',' Dermatology');
INSERT INTO doctors (id,name,surname,specialist) VALUES (19, 'William', 'Thomson',' Orthopedics');
INSERT INTO doctors (id,name,surname,specialist) VALUES (20, 'Olivia', 'White',' Cardiology');
INSERT INTO doctors (id,name,surname,specialist) VALUES (21, 'Noah', 'Robinson',' Plastic surgery');
INSERT INTO doctors (id,name,surname,specialist) VALUES (22, 'William', 'White',' Cardiology');
INSERT INTO doctors (id,name,surname,specialist) VALUES (23, 'Olivia', 'Jackson',' Cardiology');
INSERT INTO doctors (id,name,surname,specialist) VALUES (24, 'Charlotte', 'Johnson',' Orthopedics');
INSERT INTO doctors (id,name,surname,specialist) VALUES (25, 'Emma', 'White',' Plastic surgery');
INSERT INTO doctors (id,name,surname,specialist) VALUES (26, 'Ava', 'Thomson',' Dermatology');
INSERT INTO doctors (id,name,surname,specialist) VALUES (27, 'Benjamin', 'Johnson',' Plastic surgery');
INSERT INTO doctors (id,name,surname,specialist) VALUES (28, 'Sophia', 'Johnson',' Radiology');
INSERT INTO doctors (id,name,surname,specialist) VALUES (29, 'Emma', 'Johnson',' Cardiology');
INSERT INTO doctors (id,name,surname,specialist) VALUES (30, 'Mason', 'Grimes',' Orthopedics');
INSERT INTO appointments (id, appointment_date, cost,patient_id, doctor_id) VALUES (1,'2007-03-15',2481,27,12);
INSERT INTO appointments (id, appointment_date, cost,patient_id, doctor_id) VALUES (2,'2009-11-12',6366,25,25);
INSERT INTO appointments (id, appointment_date, cost,patient_id, doctor_id) VALUES (3,'2006-09-18',7014,13,1);
INSERT INTO appointments (id, appointment_date, cost,patient_id, doctor_id) VALUES (4,'2011-06-27',670,24,15);
INSERT INTO appointments (id, appointment_date, cost,patient_id, doctor_id) VALUES (5,'2009-02-25',1285,27,29);
INSERT INTO appointments (id, appointment_date, cost,patient_id, doctor_id) VALUES (6,'2001-11-23',2529,22,9);
INSERT INTO appointments (id, appointment_date, cost,patient_id, doctor_id) VALUES (7,'2010-09-18',3889,26,19);
INSERT INTO appointments (id, appointment_date, cost,patient_id, doctor_id) VALUES (8,'2013-02-07',4317,2,8);
INSERT INTO appointments (id, appointment_date, cost,patient_id, doctor_id) VALUES (9,'2010-12-21',1185,28,16);
INSERT INTO appointments (id, appointment_date, cost,patient_id, doctor_id) VALUES (10,'2009-06-16',2419,23,23);
INSERT INTO appointments (id, appointment_date, cost,patient_id, doctor_id) VALUES (11,'2004-01-25',447,8,6);
INSERT INTO appointments (id, appointment_date, cost,patient_id, doctor_id) VALUES (12,'2012-11-19',7011,4,23);
INSERT INTO appointments (id, appointment_date, cost,patient_id, doctor_id) VALUES (13,'2011-05-01',4690,22,19);
INSERT INTO appointments (id, appointment_date, cost,patient_id, doctor_id) VALUES (14,'2002-03-28',2723,22,10);
INSERT INTO appointments (id, appointment_date, cost,patient_id, doctor_id) VALUES (15,'2003-08-14',2864,18,4);
INSERT INTO appointments (id, appointment_date, cost,patient_id, doctor_id) VALUES (16,'2005-09-09',3479,25,16);
INSERT INTO appointments (id, appointment_date, cost,patient_id, doctor_id) VALUES (17,'2006-12-16',4423,11,21);
INSERT INTO appointments (id, appointment_date, cost,patient_id, doctor_id) VALUES (18,'2004-06-13',2396,15,7);
INSERT INTO appointments (id, appointment_date, cost,patient_id, doctor_id) VALUES (19,'2000-09-24',2850,27,26);
INSERT INTO appointments (id, appointment_date, cost,patient_id, doctor_id) VALUES (20,'2003-03-29',3348,20,22);
INSERT INTO appointments (id, appointment_date, cost,patient_id, doctor_id) VALUES (21,'2003-12-27',8229,17,26);
INSERT INTO appointments (id, appointment_date, cost,patient_id, doctor_id) VALUES (22,'2005-05-28',2532,25,21);
INSERT INTO appointments (id, appointment_date, cost,patient_id, doctor_id) VALUES (23,'2009-04-08',7898,30,8);
INSERT INTO appointments (id, appointment_date, cost,patient_id, doctor_id) VALUES (24,'2007-04-20',8459,24,18);
INSERT INTO appointments (id, appointment_date, cost,patient_id, doctor_id) VALUES (25,'2003-09-30',9655,2,5);
INSERT INTO appointments (id, appointment_date, cost,patient_id, doctor_id) VALUES (26,'2003-04-11',3470,15,8);
INSERT INTO appointments (id, appointment_date, cost,patient_id, doctor_id) VALUES (27,'2005-05-23',9049,17,17);
INSERT INTO appointments (id, appointment_date, cost,patient_id, doctor_id) VALUES (28,'2001-12-21',4197,26,10);
INSERT INTO appointments (id, appointment_date, cost,patient_id, doctor_id) VALUES (29,'2001-10-31',3287,30,14);
INSERT INTO appointments (id, appointment_date, cost,patient_id, doctor_id) VALUES (30,'2010-11-22',7461,23,27);
INSERT INTO Patients_med_data (id, patient_id, doctor_id, treatment_date,additional_notes, medical_procedure) VALUES (1,15,16,'2000-12-26','Cataract surgery','didnt pay in time');
INSERT INTO Patients_med_data (id, patient_id, doctor_id, treatment_date,additional_notes, medical_procedure) VALUES (2,30,16,'2004-12-19','Cesarean section','remove lung');
INSERT INTO Patients_med_data (id, patient_id, doctor_id, treatment_date,additional_notes, medical_procedure) VALUES (3,1,26,'2004-09-16','Carotid endarterectomy','didnt pay in time');
INSERT INTO Patients_med_data (id, patient_id, doctor_id, treatment_date,additional_notes, medical_procedure) VALUES (4,1,9,'2003-10-11','Breast biopsy','psycho');
INSERT INTO Patients_med_data (id, patient_id, doctor_id, treatment_date,additional_notes, medical_procedure) VALUES (5,13,11,'2012-11-05','Cholecystectomy','psycho');
INSERT INTO Patients_med_data (id, patient_id, doctor_id, treatment_date,additional_notes, medical_procedure) VALUES (6,15,24,'2007-11-02','Cataract surgery','psycho');
INSERT INTO Patients_med_data (id, patient_id, doctor_id, treatment_date,additional_notes, medical_procedure) VALUES (7,18,27,'2002-04-30','Breast biopsy','remove lung');
INSERT INTO Patients_med_data (id, patient_id, doctor_id, treatment_date,additional_notes, medical_procedure) VALUES (8,21,5,'2007-11-11','Cesarean section','remove lung');
INSERT INTO Patients_med_data (id, patient_id, doctor_id, treatment_date,additional_notes, medical_procedure) VALUES (9,5,22,'2001-04-09','Cesarean section','psycho');
INSERT INTO Patients_med_data (id, patient_id, doctor_id, treatment_date,additional_notes, medical_procedure) VALUES (10,24,1,'2000-08-08','Appendectomy','didnt pay in time');
INSERT INTO Patients_med_data (id, patient_id, doctor_id, treatment_date,additional_notes, medical_procedure) VALUES (11,20,29,'2004-01-01','Cataract surgery','psycho');
INSERT INTO Patients_med_data (id, patient_id, doctor_id, treatment_date,additional_notes, medical_procedure) VALUES (12,27,27,'2003-02-18','Breast biopsy','didnt pay in time');
INSERT INTO Patients_med_data (id, patient_id, doctor_id, treatment_date,additional_notes, medical_procedure) VALUES (13,7,30,'2007-08-03','Appendectomy','psycho');
INSERT INTO Patients_med_data (id, patient_id, doctor_id, treatment_date,additional_notes, medical_procedure) VALUES (14,27,22,'2013-01-18','Cataract surgery','didnt pay in time');
INSERT INTO Patients_med_data (id, patient_id, doctor_id, treatment_date,additional_notes, medical_procedure) VALUES (15,1,24,'2013-01-29','Breast biopsy','psycho');
INSERT INTO Patients_med_data (id, patient_id, doctor_id, treatment_date,additional_notes, medical_procedure) VALUES (16,16,9,'2005-01-24','Cesarean section','psycho');
INSERT INTO Patients_med_data (id, patient_id, doctor_id, treatment_date,additional_notes, medical_procedure) VALUES (17,5,16,'2001-01-07','Breast biopsy','didnt pay in time');
INSERT INTO Patients_med_data (id, patient_id, doctor_id, treatment_date,additional_notes, medical_procedure) VALUES (18,11,8,'2003-08-31','Carotid endarterectomy','remove lung');
INSERT INTO Patients_med_data (id, patient_id, doctor_id, treatment_date,additional_notes, medical_procedure) VALUES (19,21,8,'2009-07-15','Appendectomy','psycho');
INSERT INTO Patients_med_data (id, patient_id, doctor_id, treatment_date,additional_notes, medical_procedure) VALUES (20,26,9,'2009-03-26','Appendectomy','remove lung');
INSERT INTO Patients_med_data (id, patient_id, doctor_id, treatment_date,additional_notes, medical_procedure) VALUES (21,5,10,'2006-06-30','Cholecystectomy','didnt pay in time');
INSERT INTO Patients_med_data (id, patient_id, doctor_id, treatment_date,additional_notes, medical_procedure) VALUES (22,12,21,'2012-01-13','Coronary artery bypass','didnt pay in time');
INSERT INTO Patients_med_data (id, patient_id, doctor_id, treatment_date,additional_notes, medical_procedure) VALUES (23,27,2,'2013-04-10','Debridement of wound','psycho');
INSERT INTO Patients_med_data (id, patient_id, doctor_id, treatment_date,additional_notes, medical_procedure) VALUES (24,14,1,'2010-10-08','Appendectomy','didnt pay in time');
INSERT INTO Patients_med_data (id, patient_id, doctor_id, treatment_date,additional_notes, medical_procedure) VALUES (25,9,13,'2008-03-31','Coronary artery bypass','remove lung');
INSERT INTO Patients_med_data (id, patient_id, doctor_id, treatment_date,additional_notes, medical_procedure) VALUES (26,30,30,'2010-04-18','Coronary artery bypass','psycho');
INSERT INTO Patients_med_data (id, patient_id, doctor_id, treatment_date,additional_notes, medical_procedure) VALUES (27,21,17,'2001-07-04','Breast biopsy','didnt pay in time');
INSERT INTO Patients_med_data (id, patient_id, doctor_id, treatment_date,additional_notes, medical_procedure) VALUES (28,25,19,'2005-10-08','Cataract surgery','remove lung');
INSERT INTO Patients_med_data (id, patient_id, doctor_id, treatment_date,additional_notes, medical_procedure) VALUES (29,3,25,'2007-03-31','Cholecystectomy','didnt pay in time');
INSERT INTO Patients_med_data (id, patient_id, doctor_id, treatment_date,additional_notes, medical_procedure) VALUES (30,28,3,'2010-10-03','Cesarean section','psycho');
INSERT INTO medical_facility (id,name,localization,doctor_count,patient_count,contact_number) VALUES (1, 'Hospital', 'New York', 3, 4, 627329649);
INSERT INTO medical_facility (id,name,localization,doctor_count,patient_count,contact_number) VALUES (2, 'Hospital', 'Warsaw', 2, 8, 983889932);
INSERT INTO medical_facility (id,name,localization,doctor_count,patient_count,contact_number) VALUES (3, 'Clinic', 'New York', 19, 5, 121989038);
INSERT INTO medical_facility (id,name,localization,doctor_count,patient_count,contact_number) VALUES (4, 'Hospital', 'Berlin', 22, 16, 836211797);
INSERT INTO medical_facility (id,name,localization,doctor_count,patient_count,contact_number) VALUES (5, 'Clinic', 'New York', 13, 13, 791691524);

